{
    "0": {
        "name": "Arian Foster",
        "email": "arian.foster@arcu.com",
        "number": "27",
        "password": "33|&u%i7ToTqY9V"
    },
    "4": {
        "name": "Vladimir Putin",
        "email": "vladimirputin@convallis.com",
        "number": "84",
        "password": "Bw?tp9Em*UB237@"
    },
    "5": {
        "name": "Elizabeth Banks",
        "email": "elizabeth_banks@pellentesque.com",
        "number": "25",
        "password": "HrLH7#5_t0T_2dk"
    },
    "7": {
        "name": "Maiara Walsh",
        "email": "maiara.walsh@feugiat.com",
        "number": "22",
        "password": "Ev6R]666&YVmd#o"
    },
    "8": {
        "name": "Jensen Ackles",
        "email": "jensen_ackles@bibendum.com",
        "number": "34",
        "password": "ji)2N@DR$4nZ8s4"
    },
    "9": {
        "name": "Hannibal",
        "email": "hannibal@est.com",
        "number": "72",
        "password": "hoc83O4SS9++Xe%"
    },
    "10": {
        "name": "Gareth Edwards",
        "email": "gareth.edwards@nulla.com",
        "number": "76",
        "password": "B&i33KqR$J9|m2f"
    },
    "11": {
        "name": "Jessica Chastain",
        "email": "jessica_chastain@amet.com",
        "number": "20",
        "password": "EDe]L18s6S|bs+3"
    },
    "12": {
        "name": "Simon Bolivar Buckner",
        "email": "simon_bolivar_buckner@donec.com",
        "number": "37",
        "password": "CyD4_6\/SY8m[6kl"
    },
    "13": {
        "name": "Charles V, Holy Roman Emperor",
        "email": "charlesvholyromanemperor@congue.com",
        "number": "69",
        "password": "wg0R0[HK4+:4Wey"
    },
    "14": {
        "name": "Analeigh Tipton",
        "email": "analeightipton@volutpat.com",
        "number": "99",
        "password": "pBb,83_YfU=V08b"
    },
    "15": {
        "name": "Diane Lane",
        "email": "dianelane@commodo.com",
        "number": "62",
        "password": "R&u60)2bN*qK6Qo"
    },
    "16": {
        "name": "Taylor Momsen",
        "email": "taylor.momsen@feugiat.com",
        "number": "94",
        "password": "E7t9jJ}s9X6hV-:"
    },
    "17": {
        "name": "Heath Ledger",
        "email": "heath_ledger@bibendum.com",
        "number": "23",
        "password": "h|6q5*MDm\/D6wH3"
    },
    "18": {
        "name": "Emily Bett Rickards",
        "email": "emily_bett_rickards@magna.com",
        "number": "77",
        "password": "4@eN{FZk1@58nZl"
    },
    "19": {
        "name": "Joca",
        "email": "joca@gmail.com",
        "number": "5b2bacde0fd31"
    }
}