{
    "5": {
        "name": "Winona Ryder",
        "email": "winonaryder@lorem.com",
        "number": "76"
    },
    "6": {
        "name": "Simon Bolivar Buckner",
        "email": "simonbolivarbuckner@pulvinar.com",
        "number": "56"
    },
    "7": {
        "name": "Hammurabi",
        "email": "hammurabi@elit.com",
        "number": "71"
    },
    "10": {
        "name": "Theoderic the Great",
        "email": "theoderic_the_great@risus.com",
        "number": "90"
    },
    "11": {
        "name": "Mahendra Singh Dhoni",
        "email": "mahendra_singh_dhoni@suspendisse.com",
        "number": "96"
    },
    "12": {
        "name": "Wallace Maia",
        "email": "wallace.joinville@gmail.com",
        "number": "5b21228349b6c"
    },
    "13": {
        "name": "Bruno Brieman Teste",
        "email": "bruno.brieman@gmail.com",
        "number": "5b2125692ff1b"
    }
}